Spectrum	Spectrum File	Peptide	Modified Peptide	Peptide Length	Charge	Retention	Observed Mass	Calibrated Observed Mass	Observed M/Z	Calibrated Observed M/Z	Calculated Peptide Mass	Calculated M/Z	Delta Mass	Expectation	Hyperscore	Nextscore	PeptideProphet Probability	Number of Enzymatic Termini	Number of Missed Cleavages	Intensity	Ion Mobility	Compensation Voltage	Assigned Modifications	Observed Modifications	Is Unique	Protein	Protein ID	Entry Name	Gene	Protein Description	Mapped Genes	Mapped Proteins
test.01958.01958.2	F:\config_version4\msfragger\interact.pep.xml	TESNKKF		7	2	605.0378	852.4369	852.4344	427.2257	427.2245	852.4341	427.2243	0.0003	0.006049925	10.373	0	0.8886	2	0	0	0	0			TRUE	sp|protein|pro	PROTEINID	Pro	S	Protein		
test.22202.22202.2	F:\config_version4\msfragger\interact.pep.xml	LMDLEGKQGNF	LM[147]DLEGKQGNF	11	2	3006.812	1266.5922	1266.5911	634.3034	634.3028	1266.5913	634.3029	-0.0002	4.23E-08	39.996	9.891	1	2	1	0	0	0	2M(15.9949)		TRUE	sp|protein|pro	PROTEINID	Pro	S	Protein		
test.06641.06641.3	F:\config_version4\msfragger\interact.pep.xml	HAPATVCGPKKSTNL	HAPATVCGPKKSTNL	15	3	1509.2344	1579.8147	1579.814	527.6122	527.6119	1579.814	527.6119	0	1.61E-09	41.672	13.556	1	2	0	0	0	0	7C(57.0215)		TRUE	sp|protein|pro	PROTEINID	Pro	S	Protein		
test.36599.36599.3	F:\config_version4\msfragger\interact.pep.xml	QTRAGCLIGAEHVNNSYECDIPIGAGICASY	QTRAGCLIGAEHVNNSYECDIPIGAGICASY	31	3	4413.1783	5572.3584	5572.3486	1858.4601	1858.4568	3395.5332	1132.8517	2176.8154	0.000860994	13.76	0	0.9998	2	2	0	0	0	19C(57.0215), 28C(57.0215), 6C(57.0215)		TRUE	sp|protein|pro	PROTEINID	Pro	S	Protein		
test.06531.06531.4	F:\config_version4\msfragger\interact.pep.xml	HAIHVSGTNGTKRF		14	4	1499.5387	2740.2202	2740.219	686.0623	686.062	1523.7957	381.9562	1216.4233	1.87E-10	40.41	15.213	1	2	0	0	0	0		Hex(5)HexNAc(2)(1216.422863)	TRUE	sp|protein|pro	PROTEINID	Pro	S	Protein		
